Company,Period End,Fiscal Quarter,Revenue (INR Cr),Operating Profit (INR Cr),Net Profit (INR Cr),QoQ Revenue Growth (%),YoY Revenue Growth (%),Operating Margin (%),Net Margin (%),Unit,Data Status
HCLTech,2023-06-01,Q1 FY24,26296,5365,3531,,,0.2040234256160633,0.13427897779129905,INR Cr,Historical standardized; secondary extraction
HCLTech,2023-09-01,Q2 FY24,26672,5929,3833,0.014298752662001757,,0.22229304139172165,0.14370875824835033,INR Cr,Historical standardized; secondary extraction
HCLTech,2023-12-01,Q3 FY24,28446,6787,4351,0.06651169766046783,,0.2385924207269915,0.15295647894255782,INR Cr,Historical standardized; secondary extraction
HCLTech,2024-03-01,Q4 FY24,28499,6117,3995,0.0018631793573788968,,0.21463911014421558,0.14018035720551597,INR Cr,Historical standardized; secondary extraction
HCLTech,2024-06-01,Q1 FY25,28057,5793,4259,-0.015509316116354976,0.06696836020687558,0.20647253804754606,0.15179812524503689,INR Cr,Historical standardized; secondary extraction
HCLTech,2024-09-01,Q2 FY25,28862,6369,4237,0.028691592116049547,0.08210857828434315,0.2206707781858499,0.1468020234218003,INR Cr,Historical standardized; secondary extraction
HCLTech,2024-12-01,Q3 FY25,29890,6860,4594,0.03561776730649302,0.050762848906700464,0.22950819672131148,0.15369688859150218,INR Cr,Historical standardized; secondary extraction
HCLTech,2025-03-01,Q4 FY25,30246,6482,4309,0.01191033790565399,0.06130039650514063,0.2143093301593599,0.1424651193546254,INR Cr,Historical standardized; secondary extraction
HCLTech,2025-06-01,Q1 FY26,30349,6035,3844,0.0034054089796997644,0.08169084363973345,0.19885333948400277,0.12665985699693566,INR Cr,Historical standardized; secondary extraction
HCLTech,2025-09-01,Q2 FY26,31942,6545,4236,0.052489373620218105,0.10671471138521249,0.2049026360278004,0.1326153653496963,INR Cr,Historical standardized; secondary extraction
HCLTech,2025-12-01,Q3 FY26,33872,7412,4082,0.060422014902009824,0.1332218133154901,0.21882380727444498,0.12051251771374587,INR Cr,Historical standardized; secondary extraction
HCLTech,2026-03-01,Q4 FY26,33981,6712,4490,0.0032179971658006234,0.12348740329299734,0.1975221447279362,0.13213266237014804,INR Cr,Historical standardized; secondary extraction
HCLTech,2026-06-01,Q1 FY27,34579,6870,4626,0.01759806950943177,0.1393785627203532,0.1986754966887417,0.1337806182943405,INR Cr,Q1 FY27 standardized; issuer cross-check completed
Infosys,2023-06-01,Q1 FY24,37933,9064,5945,,,0.2389476181688767,0.1567236970447895,INR Cr,Historical standardized; secondary extraction
Infosys,2023-09-01,Q2 FY24,38994,9440,6215,0.02797036880816184,,0.24208852643996512,0.15938349489665077,INR Cr,Historical standardized; secondary extraction
Infosys,2023-12-01,Q3 FY24,38821,9137,6113,-0.004436579986664579,,0.23536230390767884,0.1574663197753793,INR Cr,Historical standardized; secondary extraction
Infosys,2024-03-01,Q4 FY24,37923,8784,7975,-0.023131810102779427,,0.2316272446800095,0.21029454420800042,INR Cr,Historical standardized; secondary extraction
Infosys,2024-06-01,Q1 FY25,39315,9437,6374,0.03670595680721456,0.03643265758047076,0.24003560981813557,0.16212641485438128,INR Cr,Historical standardized; secondary extraction
Infosys,2024-09-01,Q2 FY25,40986,9809,6516,0.042502861503243006,0.051084782274195994,0.2393256233835944,0.15898111550285463,INR Cr,Historical standardized; secondary extraction
Infosys,2024-12-01,Q3 FY25,41764,10115,6822,0.018982091445859606,0.07580948455732717,0.2421942342687482,0.16334642275644096,INR Cr,Historical standardized; secondary extraction
Infosys,2025-03-01,Q4 FY25,40925,9874,7038,-0.020089071927976265,0.07916040397647861,0.24127061698228466,0.1719731215638363,INR Cr,Historical standardized; secondary extraction
Infosys,2025-06-01,Q1 FY26,42279,9943,6924,0.03308491142333536,0.07539107210988183,0.23517585562572435,0.16376924714397217,INR Cr,Historical standardized; secondary extraction
Infosys,2025-09-01,Q2 FY26,44490,10535,7375,0.05229546583410194,0.08549260723173768,0.23679478534502135,0.16576758822207238,INR Cr,Historical standardized; secondary extraction
Infosys,2025-12-01,Q3 FY26,45479,10634,6666,0.022229714542593815,0.08895220764294609,0.2338222036544339,0.14657314364871699,INR Cr,Historical standardized; secondary extraction
Infosys,2026-03-01,Q4 FY26,46402,11167,8509,0.020295081246289426,0.13383017715332923,0.24065773027024698,0.18337571656394122,INR Cr,Historical standardized; secondary extraction
Infosys,2026-06-01,Q1 FY27,48211,11409,7775,0.038985388560838,0.14030606211121355,0.2366472381821576,0.161270249528116,INR Cr,Q1 FY27 standardized; issuer cross-check completed
TCS,2023-06-01,Q1 FY24,59381,14998,11120,,,0.25257237163402435,0.18726528687627356,INR Cr,Historical standardized; secondary extraction
TCS,2023-09-01,Q2 FY24,59692,15746,11380,0.005237365487277046,,0.26378744220331035,0.19064531260470416,INR Cr,Historical standardized; secondary extraction
TCS,2023-12-01,Q3 FY24,60583,16388,11097,0.014926623333110012,,0.270504927124771,0.18317019625967682,INR Cr,Historical standardized; secondary extraction
TCS,2024-03-01,Q4 FY24,61237,17164,12502,0.01079510753841828,,0.28028806113950716,0.2041576171269004,INR Cr,Historical standardized; secondary extraction
TCS,2024-06-01,Q1 FY25,62613,16662,12105,0.022470075281284085,0.054428184099291066,0.266110871544248,0.193330458530976,INR Cr,Historical standardized; secondary extraction
TCS,2024-09-01,Q2 FY25,64259,16731,11955,0.026288470445434697,0.07650941499698449,0.2603681974509407,0.18604397827541666,INR Cr,Historical standardized; secondary extraction
TCS,2024-12-01,Q3 FY25,63973,17034,12444,-0.004450738417964839,0.05595629136886582,0.26626858205805576,0.19451956294061556,INR Cr,Historical standardized; secondary extraction
TCS,2025-03-01,Q4 FY25,64479,16980,12293,0.007909586856955197,0.05294184888221176,0.2633415530637882,0.19065121977698166,INR Cr,Historical standardized; secondary extraction
TCS,2025-06-01,Q1 FY26,63437,16875,12819,-0.016160300252795468,0.013160206346924719,0.2660119488626511,0.20207449910935257,INR Cr,Historical standardized; secondary extraction
TCS,2025-09-01,Q2 FY26,65799,17978,12131,0.03723379100524937,0.023965514558272005,0.27322603686986124,0.18436450401981794,INR Cr,Historical standardized; secondary extraction
TCS,2025-12-01,Q3 FY26,67087,18269,10720,0.019574765573944886,0.048676785518890764,0.272318034790645,0.1597925082355747,INR Cr,Historical standardized; secondary extraction
TCS,2026-03-01,Q4 FY26,70698,19276,13784,0.053825629406591524,0.0964500069790164,0.2726526917310249,0.19497015474270843,INR Cr,Historical standardized; secondary extraction
TCS,2026-06-01,Q1 FY27,72275,18556,13420,0.022306147274321786,0.1393193246843325,0.2567416118989969,0.18567969560705638,INR Cr,Q1 FY27 standardized; issuer cross-check completed
Wipro,2023-06-01,Q1 FY24,22831,4204,2886,,,0.1841356050983312,0.1264070780955718,INR Cr,Historical standardized; secondary extraction
Wipro,2023-09-01,Q2 FY24,22516,3970,2667,-0.0137970303534668,,0.1763190620003553,0.11844910286018831,INR Cr,Historical standardized; secondary extraction
Wipro,2023-12-01,Q3 FY24,22205,4198,2701,-0.013812400071060549,,0.1890565188020716,0.1216392704345868,INR Cr,Historical standardized; secondary extraction
Wipro,2024-03-01,Q4 FY24,22208,4381,2858,0.0001351047061473043,,0.19727125360230546,0.12869236311239193,INR Cr,Historical standardized; secondary extraction
Wipro,2024-06-01,Q1 FY25,21964,4350,3037,-0.010987031700288141,-0.03797468354430378,0.19805135676561647,0.13827171735567292,INR Cr,Historical standardized; secondary extraction
Wipro,2024-09-01,Q2 FY25,22302,4503,3227,0.015388818065926069,-0.009504352460472543,0.2019101425881087,0.14469554300062776,INR Cr,Historical standardized; secondary extraction
Wipro,2024-12-01,Q3 FY25,22319,4540,3367,0.0007622634741277778,0.005133978833596009,0.2034141314575026,0.15085801335185267,INR Cr,Historical standardized; secondary extraction
Wipro,2025-03-01,Q4 FY25,22504,4624,3588,0.008288901832519402,0.013328530259365978,0.20547458229648063,0.15943832207607536,INR Cr,Historical standardized; secondary extraction
Wipro,2025-06-01,Q1 FY26,22135,4233,3336,-0.016397084962673336,0.007785467128027745,0.19123559972893608,0.15071154280551163,INR Cr,Historical standardized; secondary extraction
Wipro,2025-09-01,Q2 FY26,22697,4372,3262,0.025389654393494387,0.017711416016500836,0.19262457593514562,0.14371943428646958,INR Cr,Historical standardized; secondary extraction
Wipro,2025-12-01,Q3 FY26,23556,4296,3145,0.03784641142001144,0.05542363009095386,0.1823739174732552,0.1335116318560027,INR Cr,Historical standardized; secondary extraction
Wipro,2026-03-01,Q4 FY26,24236,4909,3522,0.02886737986075727,0.0769640952719517,0.20254992573031855,0.14532101006766793,INR Cr,Historical standardized; secondary extraction
Wipro,2026-06-01,Q1 FY27,24479,4633,3356,0.010026406997854398,0.10589564038852495,0.18926426733118182,0.13709710363985456,INR Cr,Q1 FY27 standardized; issuer cross-check completed
