Target,Company,Forecast Quarter,Forecast,Selected Model
Revenue (INR Cr),TCS,Q2 FY27,73338.80207842415,"ARIMA(1,1,0)"
Revenue (INR Cr),TCS,Q3 FY27,74413.52988546574,"ARIMA(1,1,0)"
Revenue (INR Cr),TCS,Q4 FY27,75488.02508917674,"ARIMA(1,1,0)"
Revenue (INR Cr),TCS,Q1 FY28,76562.52524489698,"ARIMA(1,1,0)"
Revenue (INR Cr),Infosys,Q2 FY27,49071.561768161904,"ARIMA(1,1,0)"
Revenue (INR Cr),Infosys,Q3 FY27,49917.29404351453,"ARIMA(1,1,0)"
Revenue (INR Cr),Infosys,Q4 FY27,50762.79444941103,"ARIMA(1,1,0)"
Revenue (INR Cr),Infosys,Q1 FY28,51608.291229866976,"ARIMA(1,1,0)"
Revenue (INR Cr),HCLTech,Q2 FY27,35272.58640813774,"ARIMA(1,1,0)"
Revenue (INR Cr),HCLTech,Q3 FY27,35962.71575570316,"ARIMA(1,1,0)"
Revenue (INR Cr),HCLTech,Q4 FY27,36652.97013430629,"ARIMA(1,1,0)"
Revenue (INR Cr),HCLTech,Q1 FY28,37343.21999092896,"ARIMA(1,1,0)"
Revenue (INR Cr),Wipro,Q2 FY27,24479.0,Naive
Revenue (INR Cr),Wipro,Q3 FY27,24479.0,Naive
Revenue (INR Cr),Wipro,Q4 FY27,24479.0,Naive
Revenue (INR Cr),Wipro,Q1 FY28,24479.0,Naive
Operating Margin (%),TCS,Q2 FY27,0.2567416118989969,Naive
Operating Margin (%),TCS,Q3 FY27,0.2567416118989969,Naive
Operating Margin (%),TCS,Q4 FY27,0.2567416118989969,Naive
Operating Margin (%),TCS,Q1 FY28,0.2567416118989969,Naive
Operating Margin (%),Infosys,Q2 FY27,0.2366472381821576,Naive
Operating Margin (%),Infosys,Q3 FY27,0.2366472381821576,Naive
Operating Margin (%),Infosys,Q4 FY27,0.2366472381821576,Naive
Operating Margin (%),Infosys,Q1 FY28,0.2366472381821576,Naive
Operating Margin (%),HCLTech,Q2 FY27,0.19817072226592444,AutoReg(1)
Operating Margin (%),HCLTech,Q3 FY27,0.19575676554401353,AutoReg(1)
Operating Margin (%),HCLTech,Q4 FY27,0.19335675085350992,AutoReg(1)
Operating Margin (%),HCLTech,Q1 FY28,0.19095663434965937,AutoReg(1)
Operating Margin (%),Wipro,Q2 FY27,0.18926426733118182,Naive
Operating Margin (%),Wipro,Q3 FY27,0.18926426733118182,Naive
Operating Margin (%),Wipro,Q4 FY27,0.18926426733118182,Naive
Operating Margin (%),Wipro,Q1 FY28,0.18926426733118182,Naive
