Target,Company,Model,Actual,Fitted,Residual
Revenue (INR Cr),TCS,"ARIMA(1,1,0)",59381.0,1074.5000524921113,58306.49994750789
Revenue (INR Cr),TCS,"ARIMA(1,1,0)",59692.0,59726.82479847022,-34.8247984702175
Revenue (INR Cr),TCS,"ARIMA(1,1,0)",60583.0,60782.75458904072,-199.75458904072002
Revenue (INR Cr),TCS,"ARIMA(1,1,0)",61237.0,61661.40667738385,-424.40667738384946
Revenue (INR Cr),TCS,"ARIMA(1,1,0)",62613.0,62320.45228956088,292.5477104391175
Revenue (INR Cr),TCS,"ARIMA(1,1,0)",64259.0,63681.081268498354,577.9187315016461
Revenue (INR Cr),TCS,"ARIMA(1,1,0)",63973.0,65321.33310272704,-1348.3331027270397
Revenue (INR Cr),TCS,"ARIMA(1,1,0)",64479.0,65076.46442224617,-597.464422246172
Revenue (INR Cr),TCS,"ARIMA(1,1,0)",63437.0,65565.60313598366,-2128.6031359836634
Revenue (INR Cr),TCS,"ARIMA(1,1,0)",65799.0,64556.55928640584,1242.4407135941583
Revenue (INR Cr),TCS,"ARIMA(1,1,0)",67087.0,66846.08981868165,240.91018131835153
Revenue (INR Cr),TCS,"ARIMA(1,1,0)",70698.0,68156.95474474973,2541.0452552502684
Revenue (INR Cr),TCS,"ARIMA(1,1,0)",72275.0,71718.49922961363,556.5007703863666
Revenue (INR Cr),Infosys,"ARIMA(1,1,0)",37933.0,845.4967228692454,37087.50327713075
Revenue (INR Cr),Infosys,"ARIMA(1,1,0)",38994.0,39054.45764879826,-60.45764879826311
Revenue (INR Cr),Infosys,"ARIMA(1,1,0)",38821.0,39842.86626681139,-1021.8662668113902
Revenue (INR Cr),Infosys,"ARIMA(1,1,0)",37923.0,39650.57181672244,-1727.5718167224404
Revenue (INR Cr),Infosys,"ARIMA(1,1,0)",39315.0,38741.23593640275,573.7640635972493
Revenue (INR Cr),Infosys,"ARIMA(1,1,0)",40986.0,40169.04168251596,816.9583174840373
Revenue (INR Cr),Infosys,"ARIMA(1,1,0)",41764.0,41844.404041976915,-80.40404197691532
Revenue (INR Cr),Infosys,"ARIMA(1,1,0)",40925.0,42608.441364562466,-1683.4413645624663
Revenue (INR Cr),Infosys,"ARIMA(1,1,0)",42279.0,41744.15844252532,534.8415574746832
Revenue (INR Cr),Infosys,"ARIMA(1,1,0)",44490.0,43132.44752603024,1357.5524739697576
Revenue (INR Cr),Infosys,"ARIMA(1,1,0)",45479.0,45356.84731835296,122.15268164704321
Revenue (INR Cr),Infosys,"ARIMA(1,1,0)",46402.0,46326.740496627914,75.25950337208633
Revenue (INR Cr),Infosys,"ARIMA(1,1,0)",48211.0,47248.7085406264,962.2914593735986
Revenue (INR Cr),HCLTech,"ARIMA(1,1,0)",26296.0,690.2500144600326,25605.749985539966
Revenue (INR Cr),HCLTech,"ARIMA(1,1,0)",26672.0,26654.931981404756,17.06801859524421
Revenue (INR Cr),HCLTech,"ARIMA(1,1,0)",28446.0,27373.61545182718,1072.3845481728204
Revenue (INR Cr),HCLTech,"ARIMA(1,1,0)",28499.0,29097.05417670179,-598.0541767017894
Revenue (INR Cr),HCLTech,"ARIMA(1,1,0)",28057.0,29212.29734872668,-1155.297348726679
Revenue (INR Cr),HCLTech,"ARIMA(1,1,0)",28862.0,28788.199946142326,73.80005385767436
Revenue (INR Cr),HCLTech,"ARIMA(1,1,0)",29890.0,29548.09986740029,341.90013259970874
Revenue (INR Cr),HCLTech,"ARIMA(1,1,0)",30246.0,30568.034656847383,-322.0346568473833
Revenue (INR Cr),HCLTech,"ARIMA(1,1,0)",30349.0,30948.338789096502,-599.3387890965023
Revenue (INR Cr),HCLTech,"ARIMA(1,1,0)",31942.0,31060.489005553383,881.5109944466167
Revenue (INR Cr),HCLTech,"ARIMA(1,1,0)",33872.0,32599.600378989126,1272.3996210108744
Revenue (INR Cr),HCLTech,"ARIMA(1,1,0)",33981.0,34517.412146001094,-536.4121460010938
Revenue (INR Cr),HCLTech,"ARIMA(1,1,0)",34579.0,34692.27200437259,-113.27200437259307
Operating Margin (%),HCLTech,AutoReg(1),0.22229304139172165,0.22714338314512594,-0.004850341753404291
Operating Margin (%),HCLTech,AutoReg(1),0.2385924207269915,0.2245923241999628,0.014000096527028688
Operating Margin (%),HCLTech,AutoReg(1),0.21463911014421558,0.22205565314135442,-0.007416542997138842
Operating Margin (%),HCLTech,AutoReg(1),0.20647253804754606,0.21981293215096684,-0.013340394103420777
Operating Margin (%),HCLTech,AutoReg(1),0.2206707781858499,0.21745492662023122,0.0032158515656186826
Operating Margin (%),HCLTech,AutoReg(1),0.22950819672131148,0.21493359938116746,0.014574597340144019
Operating Margin (%),HCLTech,AutoReg(1),0.2143093301593599,0.21245142018113128,0.001857909978228628
Operating Margin (%),HCLTech,AutoReg(1),0.19885333948400277,0.21014476881932265,-0.011291429335319875
Operating Margin (%),HCLTech,AutoReg(1),0.2049026360278004,0.207839995137014,-0.002937359109213611
Operating Margin (%),HCLTech,AutoReg(1),0.21882380727444498,0.20537817653030277,0.013445630744142206
Operating Margin (%),HCLTech,AutoReg(1),0.1975221447279362,0.20285887261986058,-0.005336727891924381
Operating Margin (%),HCLTech,AutoReg(1),0.1986754966887417,0.2005967876534817,-0.0019212909647400023
