Company,Period End,Fiscal Quarter,Revenue (INR Cr),Operating Profit (INR Cr),Net Profit (INR Cr),Source Type,Source URL
TCS,Jun-23,Q1 FY24,59381,14998,11120,Secondary structured extraction; issuer current-quarter cross-check,https://www.screener.in/company/TCS/consolidated/
TCS,Sep-23,Q2 FY24,59692,15746,11380,Secondary structured extraction; issuer current-quarter cross-check,https://www.screener.in/company/TCS/consolidated/
TCS,Dec-23,Q3 FY24,60583,16388,11097,Secondary structured extraction; issuer current-quarter cross-check,https://www.screener.in/company/TCS/consolidated/
TCS,Mar-24,Q4 FY24,61237,17164,12502,Secondary structured extraction; issuer current-quarter cross-check,https://www.screener.in/company/TCS/consolidated/
TCS,Jun-24,Q1 FY25,62613,16662,12105,Secondary structured extraction; issuer current-quarter cross-check,https://www.screener.in/company/TCS/consolidated/
TCS,Sep-24,Q2 FY25,64259,16731,11955,Secondary structured extraction; issuer current-quarter cross-check,https://www.screener.in/company/TCS/consolidated/
TCS,Dec-24,Q3 FY25,63973,17034,12444,Secondary structured extraction; issuer current-quarter cross-check,https://www.screener.in/company/TCS/consolidated/
TCS,Mar-25,Q4 FY25,64479,16980,12293,Secondary structured extraction; issuer current-quarter cross-check,https://www.screener.in/company/TCS/consolidated/
TCS,Jun-25,Q1 FY26,63437,16875,12819,Secondary structured extraction; issuer current-quarter cross-check,https://www.screener.in/company/TCS/consolidated/
TCS,Sep-25,Q2 FY26,65799,17978,12131,Secondary structured extraction; issuer current-quarter cross-check,https://www.screener.in/company/TCS/consolidated/
TCS,Dec-25,Q3 FY26,67087,18269,10720,Secondary structured extraction; issuer current-quarter cross-check,https://www.screener.in/company/TCS/consolidated/
TCS,Mar-26,Q4 FY26,70698,19276,13784,Secondary structured extraction; issuer current-quarter cross-check,https://www.screener.in/company/TCS/consolidated/
TCS,Jun-26,Q1 FY27,72275,18556,13420,Secondary structured extraction; issuer current-quarter cross-check,https://www.screener.in/company/TCS/consolidated/
Infosys,Jun-23,Q1 FY24,37933,9064,5945,Secondary structured extraction; issuer current-quarter cross-check,https://www.screener.in/company/INFY/consolidated/
Infosys,Sep-23,Q2 FY24,38994,9440,6215,Secondary structured extraction; issuer current-quarter cross-check,https://www.screener.in/company/INFY/consolidated/
Infosys,Dec-23,Q3 FY24,38821,9137,6113,Secondary structured extraction; issuer current-quarter cross-check,https://www.screener.in/company/INFY/consolidated/
Infosys,Mar-24,Q4 FY24,37923,8784,7975,Secondary structured extraction; issuer current-quarter cross-check,https://www.screener.in/company/INFY/consolidated/
Infosys,Jun-24,Q1 FY25,39315,9437,6374,Secondary structured extraction; issuer current-quarter cross-check,https://www.screener.in/company/INFY/consolidated/
Infosys,Sep-24,Q2 FY25,40986,9809,6516,Secondary structured extraction; issuer current-quarter cross-check,https://www.screener.in/company/INFY/consolidated/
Infosys,Dec-24,Q3 FY25,41764,10115,6822,Secondary structured extraction; issuer current-quarter cross-check,https://www.screener.in/company/INFY/consolidated/
Infosys,Mar-25,Q4 FY25,40925,9874,7038,Secondary structured extraction; issuer current-quarter cross-check,https://www.screener.in/company/INFY/consolidated/
Infosys,Jun-25,Q1 FY26,42279,9943,6924,Secondary structured extraction; issuer current-quarter cross-check,https://www.screener.in/company/INFY/consolidated/
Infosys,Sep-25,Q2 FY26,44490,10535,7375,Secondary structured extraction; issuer current-quarter cross-check,https://www.screener.in/company/INFY/consolidated/
Infosys,Dec-25,Q3 FY26,45479,10634,6666,Secondary structured extraction; issuer current-quarter cross-check,https://www.screener.in/company/INFY/consolidated/
Infosys,Mar-26,Q4 FY26,46402,11167,8509,Secondary structured extraction; issuer current-quarter cross-check,https://www.screener.in/company/INFY/consolidated/
Infosys,Jun-26,Q1 FY27,48211,11409,7775,Secondary structured extraction; issuer current-quarter cross-check,https://www.screener.in/company/INFY/consolidated/
HCLTech,Jun-23,Q1 FY24,26296,5365,3531,Secondary structured extraction; issuer current-quarter cross-check,https://www.screener.in/company/HCLTECH/consolidated/
HCLTech,Sep-23,Q2 FY24,26672,5929,3833,Secondary structured extraction; issuer current-quarter cross-check,https://www.screener.in/company/HCLTECH/consolidated/
HCLTech,Dec-23,Q3 FY24,28446,6787,4351,Secondary structured extraction; issuer current-quarter cross-check,https://www.screener.in/company/HCLTECH/consolidated/
HCLTech,Mar-24,Q4 FY24,28499,6117,3995,Secondary structured extraction; issuer current-quarter cross-check,https://www.screener.in/company/HCLTECH/consolidated/
HCLTech,Jun-24,Q1 FY25,28057,5793,4259,Secondary structured extraction; issuer current-quarter cross-check,https://www.screener.in/company/HCLTECH/consolidated/
HCLTech,Sep-24,Q2 FY25,28862,6369,4237,Secondary structured extraction; issuer current-quarter cross-check,https://www.screener.in/company/HCLTECH/consolidated/
HCLTech,Dec-24,Q3 FY25,29890,6860,4594,Secondary structured extraction; issuer current-quarter cross-check,https://www.screener.in/company/HCLTECH/consolidated/
HCLTech,Mar-25,Q4 FY25,30246,6482,4309,Secondary structured extraction; issuer current-quarter cross-check,https://www.screener.in/company/HCLTECH/consolidated/
HCLTech,Jun-25,Q1 FY26,30349,6035,3844,Secondary structured extraction; issuer current-quarter cross-check,https://www.screener.in/company/HCLTECH/consolidated/
HCLTech,Sep-25,Q2 FY26,31942,6545,4236,Secondary structured extraction; issuer current-quarter cross-check,https://www.screener.in/company/HCLTECH/consolidated/
HCLTech,Dec-25,Q3 FY26,33872,7412,4082,Secondary structured extraction; issuer current-quarter cross-check,https://www.screener.in/company/HCLTECH/consolidated/
HCLTech,Mar-26,Q4 FY26,33981,6712,4490,Secondary structured extraction; issuer current-quarter cross-check,https://www.screener.in/company/HCLTECH/consolidated/
HCLTech,Jun-26,Q1 FY27,34579,6870,4626,Secondary structured extraction; issuer current-quarter cross-check,https://www.screener.in/company/HCLTECH/consolidated/
Wipro,Jun-23,Q1 FY24,22831,4204,2886,Secondary structured extraction; issuer current-quarter cross-check,https://www.screener.in/company/WIPRO/consolidated/
Wipro,Sep-23,Q2 FY24,22516,3970,2667,Secondary structured extraction; issuer current-quarter cross-check,https://www.screener.in/company/WIPRO/consolidated/
Wipro,Dec-23,Q3 FY24,22205,4198,2701,Secondary structured extraction; issuer current-quarter cross-check,https://www.screener.in/company/WIPRO/consolidated/
Wipro,Mar-24,Q4 FY24,22208,4381,2858,Secondary structured extraction; issuer current-quarter cross-check,https://www.screener.in/company/WIPRO/consolidated/
Wipro,Jun-24,Q1 FY25,21964,4350,3037,Secondary structured extraction; issuer current-quarter cross-check,https://www.screener.in/company/WIPRO/consolidated/
Wipro,Sep-24,Q2 FY25,22302,4503,3227,Secondary structured extraction; issuer current-quarter cross-check,https://www.screener.in/company/WIPRO/consolidated/
Wipro,Dec-24,Q3 FY25,22319,4540,3367,Secondary structured extraction; issuer current-quarter cross-check,https://www.screener.in/company/WIPRO/consolidated/
Wipro,Mar-25,Q4 FY25,22504,4624,3588,Secondary structured extraction; issuer current-quarter cross-check,https://www.screener.in/company/WIPRO/consolidated/
Wipro,Jun-25,Q1 FY26,22135,4233,3336,Secondary structured extraction; issuer current-quarter cross-check,https://www.screener.in/company/WIPRO/consolidated/
Wipro,Sep-25,Q2 FY26,22697,4372,3262,Secondary structured extraction; issuer current-quarter cross-check,https://www.screener.in/company/WIPRO/consolidated/
Wipro,Dec-25,Q3 FY26,23556,4296,3145,Secondary structured extraction; issuer current-quarter cross-check,https://www.screener.in/company/WIPRO/consolidated/
Wipro,Mar-26,Q4 FY26,24236,4909,3522,Secondary structured extraction; issuer current-quarter cross-check,https://www.screener.in/company/WIPRO/consolidated/
Wipro,Jun-26,Q1 FY27,24479,4633,3356,Secondary structured extraction; issuer current-quarter cross-check,https://www.screener.in/company/WIPRO/consolidated/
