Company,Period,Metric,Value,Source Basis,Source URL
TCS,Q1 FY27,Revenue (INR Cr),72275,Primary issuer release,https://www.tcs.com/who-we-are/newsroom/press-release/tcs-financial-results-q1-fy-2027
TCS,Q1 FY27,Revenue (USD m),7624,Primary issuer release,https://www.tcs.com/who-we-are/newsroom/press-release/tcs-financial-results-q1-fy-2027
TCS,Q1 FY27,Constant-currency YoY (%),3.2,Primary issuer release,https://www.tcs.com/who-we-are/newsroom/press-release/tcs-financial-results-q1-fy-2027
TCS,Q1 FY27,Operating margin (%),24.0,Primary issuer release,https://www.tcs.com/who-we-are/newsroom/press-release/tcs-financial-results-q1-fy-2027
TCS,Q1 FY27,Net income (USD m),1460,Primary issuer release,https://www.tcs.com/who-we-are/newsroom/press-release/tcs-financial-results-q1-fy-2027
TCS,Q1 FY27,TCV (USD bn),9.5,Primary issuer release,https://www.tcs.com/who-we-are/newsroom/press-release/tcs-financial-results-q1-fy-2027
TCS,Q1 FY27,Annualised AI revenue (USD bn),2.6,Primary issuer release,https://www.tcs.com/who-we-are/newsroom/press-release/tcs-financial-results-q1-fy-2027
TCS,Q1 FY27,Headcount,593798,Primary issuer release,https://www.tcs.com/who-we-are/newsroom/press-release/tcs-financial-results-q1-fy-2027
TCS,Q1 FY27,LTM attrition (%),13.6,Primary issuer release,https://www.tcs.com/who-we-are/newsroom/press-release/tcs-financial-results-q1-fy-2027
Infosys,Q1 FY27,Revenue (INR Cr),48211,Primary issuer financial snapshot,https://www.infosys.com/about/last-quarter.html
Infosys,Q1 FY27,Operating margin (%),21.1,Primary issuer financial snapshot,https://www.infosys.com/about/last-quarter.html
Infosys,Q1 FY27,Net profit (INR Cr),7769,Primary issuer financial snapshot,https://www.infosys.com/about/last-quarter.html
Infosys,Q1 FY27,Headcount,328062,Primary issuer FAQ,https://www.infosys.com/investors/shareholder-services/faqs.html
HCLTech,Q1 FY27,Revenue (INR Cr),34579,Primary issuer investor relations,https://www.hcltech.com/investor-relations
HCLTech,Q1 FY27,Revenue (USD m),3650,Primary issuer investor relations,https://www.hcltech.com/investor-relations
HCLTech,Q1 FY27,Constant-currency YoY (%),2.6,Primary issuer investor relations,https://www.hcltech.com/investor-relations
HCLTech,Q1 FY27,EBIT margin (%),16.9,Primary issuer investor relations,https://www.hcltech.com/investor-relations
HCLTech,Q1 FY27,Net income (INR Cr),4624,Primary issuer investor relations,https://www.hcltech.com/investor-relations
HCLTech,Q1 FY27,TCV (USD m),2407,Primary issuer investor relations,https://www.hcltech.com/investor-relations
HCLTech,Q1 FY27,Advanced AI revenue (USD m),171,Primary issuer investor relations,https://www.hcltech.com/investor-relations
Wipro,Q1 FY27,Revenue (INR Cr),24480,Primary issuer release,https://www.wipro.com/newsroom/press-releases/2026/wipro-announces-results-for-the-quarter-ended-june-30-2026/
Wipro,Q1 FY27,IT services revenue (USD m),2614.5,Primary issuer release,https://www.wipro.com/newsroom/press-releases/2026/wipro-announces-results-for-the-quarter-ended-june-30-2026/
Wipro,Q1 FY27,Constant-currency YoY (%),0.9,Primary issuer release,https://www.wipro.com/newsroom/press-releases/2026/wipro-announces-results-for-the-quarter-ended-june-30-2026/
Wipro,Q1 FY27,IT services operating margin (%),16.0,Primary issuer release,https://www.wipro.com/newsroom/press-releases/2026/wipro-announces-results-for-the-quarter-ended-june-30-2026/
Wipro,Q1 FY27,Net income (INR Cr),3360,Primary issuer release,https://www.wipro.com/newsroom/press-releases/2026/wipro-announces-results-for-the-quarter-ended-june-30-2026/
Wipro,Q1 FY27,Total bookings (USD m),3370,Primary issuer release,https://www.wipro.com/newsroom/press-releases/2026/wipro-announces-results-for-the-quarter-ended-june-30-2026/
Wipro,Q1 FY27,Large deal bookings (USD m),1626,Primary issuer release,https://www.wipro.com/newsroom/press-releases/2026/wipro-announces-results-for-the-quarter-ended-june-30-2026/
Wipro,Q1 FY27,LTM attrition (%),13.9,Primary issuer release,https://www.wipro.com/newsroom/press-releases/2026/wipro-announces-results-for-the-quarter-ended-june-30-2026/
Wipro,Q1 FY27,Employee count,,"Not disclosed as exact metric; issuer communication states >230,000 employees and business partners",https://www.wipro.com/newsroom/press-releases/2026/wipro-announces-results-for-the-quarter-ended-june-30-2026/
